,theta,beta
0,15.710593137499643,25.709661459906425
1,20.710593137499643,31.286807683646554
2,10.710593137499643,20.022806995707814
