,theta,beta
0,20.710593137499643,31.286807683646554
1,15.710593137499643,21.809300568749194
2,10.710593137499643,4.176452738481951
