,theta,beta
0,15.710593137499643,33.601442430783784
1,20.710593137499643,39.88492446509188
2,25.710593137499643,45.61709314455007
3,30.710593137499643,54.202572235244254
4,10.710593137499643,29.264600408569834
