,theta,beta
0,15.710593137499643,33.19553138481974
1,20.710593137499643,38.81992860627221
2,25.710593137499643,45.31690042069003
3,30.710593137499643,53.430680537496364
4,10.710593137499643,28.157520587792728
