,theta,beta
0,20.710593137499643,33.61164548751886
1,15.710593137499643,18.735561606525685
2,10.710593137499643,1.0172900825533502
3,25.710593137499643,39.330505889060895
