,theta,beta
0,15.710593137499643,28.47813370271355
1,20.710593137499643,34.021496994136314
2,25.710593137499643,39.33050360903013
3,10.710593137499643,22.767129868197067
