,theta,beta
0,35.71059313749964,19.710829166463743
1,15.710593137499643,22.598561180719297
2,20.710593137499643,27.913101949619293
3,25.710593137499643,31.424220225366724
4,30.710593137499643,36.24998100649452
5,10.710593137499643,17.896496660323976
