,theta,beta
0,15.710593137499643,34.235361874043875
1,20.710593137499643,38.63207676885151
2,25.710593137499643,46.62471802974726
3,30.710593137499643,53.05497766814077
