,theta,beta
0,35.71059313749964,77.64572779067055
1,15.710593137499643,34.23536187404386
2,20.710593137499643,38.63207676885148
3,25.710593137499643,46.624718029747235
4,30.710593137499643,53.055358304926486
5,10.710593137499643,20.967486730175075
